livro_id,titulo,isbn,preco_venda,estoque_atual,qtd_reservada,unidades_ultimos_3_meses,stock_disponivel,media_mensal_vendas,meses_cobertura,quantidade_recomendada,nivel,recomendacao,data_referencia
10,A Hora da Estrela,9789727086535,12.9,1,0,13,1,4.33,0.23,12,Crítico,Repor stock com prioridade,2026-10-01
2,Memorial do Convento,9789720046710,17.5,3,2,3,1,1.0,1.0,2,Atenção,Planear reposição,2026-10-01
16,Cem Anos de Solidão,9789722063883,20.9,75,0,18,75,6.0,12.5,0,Normal,Stock suficiente,2026-10-01
5,Um Crime no Expresso do Oriente,9789892340692,14.9,47,0,10,47,3.33,14.11,0,Normal,Stock suficiente,2026-10-01
7,O Hobbit,9789897776090,19.9,74,0,14,74,4.67,15.85,0,Normal,Stock suficiente,2026-10-01
18,A Metamorfose,9789720033154,9.9,33,0,6,33,2.0,16.5,0,Normal,Stock suficiente,2026-10-01
14,Fundação,9789897731426,17.9,66,0,8,66,2.67,24.72,0,Normal,Stock suficiente,2026-10-01
1,Ensaio sobre a Cegueira,9789720046833,16.9,85,0,10,85,3.33,25.53,0,Normal,Stock suficiente,2026-10-01
19,Orgulho e Preconceito,9789720033116,14.5,79,0,9,79,3.0,26.33,0,Normal,Stock suficiente,2026-10-01
4,Rebelião na Quinta,9789897830617,12.5,92,0,10,92,3.33,27.63,0,Normal,Stock suficiente,2026-10-01
11,Os Maias,9789720727251,18.5,68,0,7,68,2.33,29.18,0,Normal,Stock suficiente,2026-10-01
12,A Coisa - Livro I,9789722535670,24.9,86,0,7,86,2.33,36.91,0,Normal,Stock suficiente,2026-10-01
24,Harry Potter e a Câmara dos Segredos,9789722375054,21.9,156,0,11,156,3.67,42.51,0,Normal,Stock suficiente,2026-10-01
23,O Principezinho,9789720000033,12.5,75,0,5,75,1.67,44.91,0,Normal,Stock suficiente,2026-10-01
15,"Eu, Robô",9789897832024,16.9,61,0,4,61,1.33,45.86,0,Normal,Stock suficiente,2026-10-01
22,Os Jogos da Fome,9789722366472,17.5,124,0,8,124,2.67,46.44,0,Normal,Stock suficiente,2026-10-01
3,1984,9789720033062,15.9,155,0,9,155,3.0,51.67,0,Normal,Stock suficiente,2026-10-01
13,The Shining,9789722541596,19.9,104,0,5,104,1.67,62.28,0,Normal,Stock suficiente,2026-10-01
9,Dom Casmurro,9789722024907,13.9,109,0,4,109,1.33,81.95,0,Normal,Stock suficiente,2026-10-01
6,Mensagem,9789720049759,11.0,117,0,4,117,1.33,87.97,0,Normal,Stock suficiente,2026-10-01
25,A Irmandade do Anel,9789897773921,24.9,123,0,4,123,1.33,92.48,0,Normal,Stock suficiente,2026-10-01
21,Anjos e Demónios,9789895870714,18.9,97,0,3,97,1.0,97.0,0,Normal,Stock suficiente,2026-10-01
20,O Código Da Vinci,9789895870707,19.5,126,0,3,126,1.0,126.0,0,Normal,Stock suficiente,2026-10-01
17,O Alquimista,9789896877897,15.9,149,0,3,149,1.0,149.0,0,Normal,Stock suficiente,2026-10-01
8,Harry Potter e a Pedra Filosofal,9789722375047,21.9,166,0,3,166,1.0,166.0,0,Normal,Stock suficiente,2026-10-01
