mes,receita_real,receita_prevista,tipo
2024-06-01,67.6,,Histórico
2024-07-01,67.3,,Histórico
2024-08-01,474.6,,Histórico
2024-09-01,1041.9,,Histórico
2024-10-01,455.8,,Histórico
2024-11-01,1853.4,,Histórico
2024-12-01,1886.4,,Histórico
2025-01-01,434.3,,Histórico
2025-02-01,130.6,,Histórico
2025-03-01,360.3,,Histórico
2025-04-01,452.2,,Histórico
2025-05-01,398.1,,Histórico
2025-06-01,104.7,,Histórico
2025-07-01,343.7,,Histórico
2025-08-01,1130.0,,Histórico
2025-09-01,1447.7,,Histórico
2025-10-01,126.6,,Histórico
2025-11-01,1994.7,,Histórico
2025-12-01,2083.8,,Histórico
2026-01-01,559.7,,Histórico
2026-02-01,368.4,,Histórico
2026-03-01,432.1,,Histórico
2026-04-01,534.6,,Histórico
2026-05-01,680.7,,Histórico
2026-06-01,451.3,,Histórico
2026-07-01,412.6,,Histórico
2026-08-01,1351.6,,Histórico
2026-09-01,1755.9,,Histórico
2026-09-01,1755.9,1755.9,Ligação
2026-10-01,,1231.04,Previsão
2026-11-01,,1212.81,Previsão
2026-12-01,,1322.72,Previsão
